{"accuracy": [0.8601, 0.88106, 0.88668, 0.89632, 0.90202, 0.90362, 0.90704, 0.91848, 0.91914, 0.9184, 0.92334, 0.92034, 0.92344, 0.92972, 0.93004, 0.93348, 0.93896, 0.9384, 0.9399, 0.93928, 0.94136, 0.9419, 0.94256, 0.94634, 0.94928, 0.95198, 0.94474, 0.94842, 0.95196, 0.95454, 0.9564, 0.95414, 0.9595, 0.95724, 0.95892, 0.95858, 0.95284, 0.9596, 0.95918, 0.96296, 0.96316, 0.96278, 0.9647, 0.9633, 0.96526, 0.96366, 0.96702, 0.96894, 0.96676, 0.96384], "loss": [0.5759128332138062, 0.34223848581314087, 0.4182741045951843, 0.4440158009529114, 0.29548272490501404, 0.3609080910682678, 0.2014564722776413, 0.27106767892837524, 0.33788663148880005, 0.22569823265075684, 0.43170198798179626, 0.22131653130054474, 0.2558491826057434, 0.5397782325744629, 0.18724139034748077, 0.3306799530982971, 0.27808135747909546, 0.24678635597229004, 0.323526531457901, 0.3228333592414856, 0.17865130305290222, 0.18329033255577087, 0.3325245976448059, 0.13463656604290009, 0.16966700553894043, 0.2356766164302826, 0.14188618957996368, 0.16992223262786865, 0.1904991716146469, 0.125733882188797, 0.18442316353321075, 0.13808396458625793, 0.19414588809013367, 0.3289102017879486, 0.22869034111499786, 0.08105059713125229, 0.4688208997249603, 0.1489420235157013, 0.22976045310497284, 0.19629159569740295, 0.196297287940979, 0.23416700959205627, 0.33360281586647034, 0.14505060017108917, 0.1912866085767746, 0.21246342360973358, 0.061182282865047455, 0.06682173907756805, 0.10512509196996689, 0.08518549054861069]}