{"accuracy": [0.8646, 0.8766, 0.8855, 0.8911, 0.8866, 0.8892, 0.8915, 0.8971, 0.8947, 0.8962, 0.8992, 0.8966, 0.8965, 0.8988, 0.8947, 0.9026, 0.8979, 0.8992, 0.9006, 0.8984, 0.8999, 0.9026, 0.9035, 0.8997, 0.9039, 0.9019, 0.9025, 0.9045, 0.9019, 0.9029, 0.9058, 0.9041, 0.9017, 0.9031, 0.9013, 0.9035, 0.8995, 0.9068, 0.9033, 0.9033, 0.9037, 0.9044, 0.9049, 0.9051, 0.9047, 0.8977, 0.9067, 0.9054, 0.905, 0.9023],
"loss": [0.613986838855693, 0.2338337290699041, 0.4057027581976465, 0.3578542603557914, 0.26985805041059424, 0.435827006610662, 0.4239342313568103, 0.3006019922616614, 0.39384094693001803, 0.3201446802231543, 0.30423893020658854, 0.23021866625316526, 0.19697180346729617, 0.32489682117604424, 0.2080371988300002, 0.24224731604497993, 0.2776391749661956, 0.24193255681350362, 0.24321509666433197, 0.2995065179352257, 0.3256014542353848, 0.3247847936484777, 0.4465121760647498, 0.29562964072821507, 0.11195700645589361, 0.24538971633336323, 0.28465626088810947, 0.16326415680652281, 0.25550669419991084, 0.27487392580667225, 0.39465657410202554, 0.1525579027935346, 0.2952718507600277, 0.1475178726139277, 0.18118407060152647, 0.2870622269555564, 0.3148460707203209, 0.18850967223835208, 0.17593266255389617, 0.22406579811347074, 0.10481578576748025, 0.19007437583028888, 0.17501851399865004, 0.1241396750443795, 0.15295123786342998, 0.18553387430809615, 0.3099371241733375, 0.11035685538736417, 0.1479747000944716, 0.3026111255857592]}